id,name,phone,address,email
1871005923,Naomi Cassin,1-363-649-2853,"588 Wunsch Fall Suit., 543",evie_suscipit@yahoo.com
5451662886,Roman Cummings,1-825-670-1604,"3694 Raphaelle Alley Suit., 23942",stanton_quas@yahoo.com
1210287556,Skyla Cremin,(190) 956-0105,"0787 Chelsea Neck Suit., 333",jamir_aliquid@yahoo.com
8396451493,Jasmin Donnelly,(606) 114-5358,"560 Kirstin Shore Suit., 368",keyon_enim@hotmail.com
3453884304,Dillan Anderson,(683) 939-9319,"8873 Marquardt Drives Apt., 47570",quincy_aut@gmail.com
8670754510,Marguerite West,1-542-177-2406,"840 Marc Field Suit., 45561",nina_similique@yahoo.com
3937498521,Keshawn McCullough,(652) 072-3754,"19691 Gay Spur Apt., 9050",marlee_enim@yahoo.com
7964446796,Amina Reichert,(454) 487-8788,"573 Watsica Tunnel Suit., 05978",sammie_et@gmail.com
9493047444,Shanie Kohler,(102) 064-4189,"30679 Julio Tunnel Suit., 22800",rhianna_eligendi@gmail.com
4638415555,Tavares Runolfsson,280-834-3732,"79529 Walker Shoals Suit., 16627",jany_voluptatem@gmail.com
2917690147,Colt Schmidt,827-764-5745,"75731 Destini Hills Suit., 77508",presley_minima@yahoo.com
8367299459,Coy Kub,663-676-5916,"480 Justus Loop Suit., 1581",salma_qui@gmail.com
3951110869,Augustus Weber,946-880-8476,"6982 Lindgren Extensions Apt., 975",dorothy_et@yahoo.com
4677970721,Garry Effertz,709-471-7345,"3682 Volkman Drive Suit., 1785",alana_ducimus@yahoo.com
4670576254,Bessie Fay,894-164-2784,"9141 Turcotte Lodge Suit., 06984",edyth_impedit@yahoo.com
6588450612,Felipa Moen,(126) 574-5641,"53158 Madisyn Cape Suit., 1266",hazle_error@gmail.com
5335673985,Mohammad Koepp,1-359-395-6025,"19013 Will Mount Apt., 03052",abe_laborum@hotmail.com
9578573514,Olga Olson,(940) 265-4714,"0713 Koch Crossroad Suit., 70224",rahsaan_deserunt@gmail.com
1786534113,Sam Bailey,453.500.7874,"948 Madison Hills Apt., 498",keshawn_iusto@gmail.com
4157631407,Dena Aufderhar,346-258-9319,"490 Tess Plains Apt., 502",darrell_illum@hotmail.com
6438691634,Grace Breitenberg,778.787.1944,"8607 Hugh Drive Apt., 5215",celestino_nisi@gmail.com
3431430534,Sabrina Jones,403-864-5808,"85368 Harvey Freeway Apt., 0749",malinda_ut@gmail.com
8259470264,Elisha Harber,613.788.0536,"9626 Winnifred Valley Apt., 59858",aryanna_omnis@yahoo.com
5501724185,Melissa Kling,568.502.4312,"265 Ron Centers Apt., 715",filiberto_tempore@hotmail.com
7396746804,Alanis Hintz,1-416-305-4189,"01540 Bernier Street Suit., 939",madisyn_sunt@hotmail.com
5540663083,Jermain Marks,1-656-846-5845,"5084 Abigail Circles Apt., 005",sven_earum@gmail.com
8605243934,Izabella Kemmer,669-982-4511,"5836 Crawford Plaza Suit., 0967",sven_repellendus@yahoo.com
6798833202,Stella Murazik,(688) 520-3236,"166 Douglas Crossroad Apt., 215",jabari_rerum@yahoo.com
5923011874,Golda Beier,854.496.6660,"087 Wisozk Terrace Suit., 61878",kenna_omnis@gmail.com
6584181429,Lucienne Nikolaus,972.320.9846,"13568 Travon Parks Apt., 35232",emmie_laudantium@hotmail.com
5070228539,Felicia Boyle,295.619.2068,"125 Tillman Station Suit., 1517",rebecca_ut@gmail.com
1851978612,Blanca Keeling,(561) 682-5376,"7304 Reichert Drive Suit., 69474",ryley_quisquam@hotmail.com
8135893603,Edgardo Donnelly,(473) 187-3127,"1083 Clark Crest Suit., 634",kirsten_vero@hotmail.com
3154504145,Mellie Muller,1-121-411-7792,"28359 Abernathy Corners Apt., 423",nasir_aspernatur@yahoo.com
3661287473,Adaline Sanford,1-339-667-7060,"81054 Padberg Mill Apt., 02444",maximus_autem@hotmail.com
5821261892,Aurelia Mraz,(934) 087-4570,"795 Jeanie Forest Apt., 511",alvina_sapiente@yahoo.com
9486118848,Joe Cummerata,484.414.0047,"39141 Corene Circles Apt., 01878",leanne_blanditiis@hotmail.com
4443391396,Theresa Herzog,163.944.6463,"5748 Alberto Street Apt., 67875",thurman_ab@gmail.com
2773162465,Mylene Schulist,848.132.5359,"972 Dillan Fort Apt., 666",dejon_id@yahoo.com
7183056632,Aurelie Rempel,(882) 707-8889,"970 Alvina Cape Apt., 7381",elroy_enim@yahoo.com
6298737331,Zora Kling,(109) 198-5194,"69630 Jake Cape Apt., 4105",dexter_voluptas@yahoo.com
3908394219,Nona Kozey,(536) 024-8785,"9173 Brad Tunnel Suit., 710",devin_expedita@gmail.com
1766633725,Moses Prohaska,1-787-731-2002,"02081 Collins Neck Suit., 84393",quinten_ipsum@hotmail.com
7165714649,Arnold Gibson,(346) 648-4164,"29947 Donnelly View Suit., 6589",friedrich_alias@gmail.com
3710428386,Jayde Stroman,683.346.4053,"846 Skyla Estates Apt., 604",orval_iure@yahoo.com
1284133151,Mariano Adams,(115) 008-9129,"2664 Padberg Branch Apt., 48408",alana_aliquam@yahoo.com
9854885879,Pearlie Hackett,727-608-4332,"060 Jayne Well Apt., 403",isom_nobis@yahoo.com
6561360234,Noemi Botsford,1-691-727-6610,"24871 Quigley Camp Suit., 40829",danielle_velit@yahoo.com
7653113378,Robyn Klein,1-567-528-5653,"715 Muller Manors Apt., 65784",elroy_accusamus@yahoo.com
1544982414,Aliza Luettgen,586.393.7531,"5596 Monty Pines Apt., 25405",lorenzo_et@gmail.com
9496470850,Stacy Green,282-081-4281,"739 Glover Island Apt., 26281",myra_blanditiis@gmail.com
4692964259,Janiya Treutel,662-872-2951,"423 Nick Oval Apt., 115",al_ab@yahoo.com
1291129383,Mable Schneider,435-053-7267,"64182 Caleb Union Apt., 4275",arlo_exercitationem@hotmail.com
1563870150,Leopold Grady,(922) 745-2346,"577 Torp Circle Apt., 39993",crawford_reprehenderit@gmail.com
1452498125,Desiree Cronin,1-682-655-2118,"4895 Celine Walks Suit., 49509",chris_omnis@yahoo.com
1706821624,Cory Kerluke,120.921.5904,"0616 Brown Branch Suit., 615",kip_hic@gmail.com
4373984962,Hardy Blick,1-282-805-0286,"77202 Douglas Curve Apt., 0108",virginie_aut@gmail.com
6342645059,Jessika Bosco,742-961-5600,"4012 Tre Islands Apt., 3778",benton_dignissimos@gmail.com
2917764805,Alyce Bode,1-373-545-0705,"159 Kuhic Parks Apt., 076",chandler_tenetur@gmail.com
5829226339,Addison Kiehn,280.976.5568,"48858 Justine Ridges Apt., 011",emanuel_itaque@yahoo.com
7917431227,Robert Hammes,1-250-266-4542,"08762 Micah Ramp Apt., 0381",christelle_laudantium@gmail.com
2393320027,Felix Jones,293-976-9919,"2960 Stoltenberg Mountain Suit., 64483",kamille_aut@hotmail.com
4687129681,Broderick Murphy,383-038-1849,"683 Frida Locks Suit., 558",isac_sequi@hotmail.com
9820046229,Jena Pfeffer,(382) 010-4304,"32634 Borer Bridge Apt., 1049",baylee_rerum@hotmail.com
3560348717,Nedra Ryan,1-130-825-5293,"573 Lang Centers Apt., 7193",allie_animi@hotmail.com
5141163539,Gennaro Jacobson,675-286-1868,"91998 Jodie Falls Suit., 15687",everette_deleniti@hotmail.com
3136784635,Ethel Carroll,559-307-3699,"933 Berneice Bridge Apt., 88669",oda_harum@gmail.com
3389554365,Elfrieda Mills,142.549.9066,"02387 Mollie Light Apt., 49394",eleanora_eligendi@hotmail.com
6985897688,Miller Kuhlman,844.681.6838,"76861 Hartmann View Suit., 4106",bradly_nihil@yahoo.com
6776102048,Roberta Hahn,(934) 833-0612,"3408 Donnie Walks Apt., 56237",emelia_in@gmail.com
8851306555,Francesco Bernier,1-329-660-0502,"801 Hammes Ford Apt., 342",linnea_suscipit@yahoo.com
5265281557,Cleo Farrell,609-649-8280,"3941 Mariane Knolls Apt., 521",amalia_laboriosam@yahoo.com
8638754853,Jesus Marquardt,254.496.0197,"7657 Pfeffer Common Suit., 367",kirstin_necessitatibus@gmail.com
1414643558,Zachariah Mante,(530) 754-1418,"07004 Mayert Vista Suit., 76969",jude_qui@yahoo.com
1261545393,Scarlett Leannon,(282) 430-8877,"43373 Windler Lodge Apt., 859",sydni_rerum@yahoo.com
6845587133,Dortha Fadel,778.275.4200,"55572 Jensen Stream Suit., 913",olaf_fuga@hotmail.com
8758593178,Meggie Spinka,1-120-383-0478,"73580 Eugene Garden Apt., 417",lukas_repudiandae@yahoo.com
2741392123,Regan Cormier,1-402-035-5405,"84170 Vaughn Ways Suit., 010",ashlynn_eum@gmail.com
9979413992,Randy Schamberger,(903) 132-2062,"753 Towne Parkways Suit., 26003",arthur_nobis@gmail.com
6357564021,Miller Bernhard,(795) 432-1666,"746 Hessel Forges Apt., 30616",addison_rerum@hotmail.com
5875356415,Gregory Shanahan,1-708-189-0272,"576 Huel Harbor Suit., 41334",anna_voluptas@gmail.com
3780672283,Shirley O'Hara,(756) 598-9973,"55208 Runolfsdottir Villages Apt., 3577",clarabelle_fuga@yahoo.com
6646247670,Jerrell Considine,(478) 326-7531,"15866 Juvenal Pines Suit., 726",warren_impedit@yahoo.com
6819644664,Ewell Mayer,(351) 910-9261,"4956 Cameron Rapids Apt., 56909",gaylord_sunt@hotmail.com
1684638799,Mellie Ortiz,221.859.2080,"29466 Alphonso Cove Apt., 3038",jarret_a@hotmail.com
5492830655,Vladimir Treutel,173-113-7310,"29378 Claud Crest Suit., 83986",jordi_voluptate@yahoo.com
7332916307,Audrey Weber,1-978-427-5236,"71074 Nikolaus Fork Apt., 248",tressie_qui@gmail.com
7080343215,Lavern Rutherford,344.219.2269,"440 Torphy Plaza Suit., 813",manuela_consequatur@gmail.com
1297592148,Marge Jones,486.150.1030,"6645 Jamil Lodge Apt., 09714",dawn_temporibus@hotmail.com
8062448231,Ken Lesch,(289) 551-5683,"1946 Streich Court Suit., 54258",liana_facilis@hotmail.com
7211440437,Blanca Bergstrom,1-325-997-3186,"950 Estel Shoals Suit., 47252",richie_aut@gmail.com
8274121291,Lexie Quigley,101.582.7786,"3546 Clovis Junctions Suit., 095",noble_qui@gmail.com
4970234913,Rasheed Gorczany,561-318-6636,"099 Ebony Motorway Apt., 170",eloise_occaecati@hotmail.com
7094228443,Kurtis Gerlach,263-978-5094,"1610 Blanda Rest Suit., 52426",oliver_consequuntur@hotmail.com
8549217250,Liam Morar,1-402-713-0189,"515 Emmerich Key Suit., 03529",adam_repellendus@yahoo.com
6325937430,Christine Heaney,550.436.0175,"65515 Bruen Vista Suit., 211",abigayle_vel@hotmail.com
3091090047,Randal Veum,939-368-2995,"8611 Klein Forges Suit., 54219",raphaelle_fugit@yahoo.com
7272328618,Vada Stoltenberg,361.054.1637,"99843 Alycia Keys Suit., 588",zechariah_doloremque@yahoo.com
2210138197,Josianne Purdy,156.144.0300,"0431 Ratke Vista Suit., 9822",margaretta_doloribus@yahoo.com
4292040545,Turner Casper,(339) 020-8305,"83652 Feest Rest Apt., 587",theresa_ea@hotmail.com
